{
    "pools": [
     {
      "rolls": 1,
      "entries": [
       {
        "type": "item",
        "name": "infernalexpansion:music_disc_flush",
        "weight": 100,
        "functions": [
         {
          "function": "set_count",
          "count": {
           "min": 1,
           "max": 1
          }
         }
        ]
       }
      ]
     },
     {
        "rolls": 1,
        "entries": [
         {
          "type": "item",
          "name": "infernalexpansion:luminous_jukebox",
          "weight": 100,
          "functions": [
           {
            "function": "set_count",
            "count": {
             "min": 1,
             "max": 1
            }
           }
          ]
         }
        ]
       }
    ]
   }