{
	"format_version": "1.16.200",
	"minecraft:block": {
		"description": {
			"identifier": "infernalexpansion:luminous_jukebox"
		},
		"components": {
			"minecraft:material_instances": {
				"*": {
					"texture": "luminous_jukebox_side",
					"face_dimming": false,
						  "ambient_occlusion": false
				},
				"up": {
					"texture": "luminous_jukebox_top"
				},
				"down": {
					"texture": "luminous_jukebox_side"
				}
			},
			"minecraft:loot": "loot_tables/blocks/luminous_jukebox/luminous_jukebox.json",
			"minecraft:destroy_time": 0.7,
			"minecraft:map_color": "#FFC55B",
			"minecraft:block_light_absorption": 0,
			"minecraft:block_light_emission": 0.2,
			"minecraft:on_interact": {
				"target": "self",
				"event": "records"
			},
			"minecraft:creative_category": {
				"category": "Items"
			  }
		},
		"events": {
			"record_flush": {
				"set_block": {
					"block_type": "infernal:luminous_jukebox_flush"
				},
				"decrement_stack": {},
				"run_command": {
					"target": "self",
					"command": [
						"playsound record.flush @a[r=45] ~~~ 0.3",
						"title @a[r=10] actionbar §dNow playing: LudoCrypt - Flush"
					]
				}
			},
			"records": {
				"sequence": [
					{
						"condition": "query.get_equipped_item_name == 'music_disc_flush'",
						"set_block": {
							"block_type": "infernalexpansion:luminous_jukebox_flush"
						},
						"decrement_stack": {},
						"run_command": {
							"target": "self",
							"command": [
								"playsound record.flush @a[r=45] ~~~ 0.3",
								"title @a[r=10] actionbar §dNow playing: LudoCrypt - Flush"
							]
						}
					},
					{
						"condition": "query.get_equipped_item_name == 'music_disc_soul_spunk'",
						"set_block": {
							"block_type": "infernalexpansion:luminous_jukebox_soul_spunk"
						},
						"decrement_stack": {},
						"run_command": {
							"target": "self",
							"command": [
								"playsound record.soul_spunk @a[r=25] ~~~ 0.3",
								"title @a[r=10] actionbar §dNow playing: LudoCrypt - Soul Spunk"
							]
						}
					}
				]
			}
		}
	}
}