{
	"format_version": "1.13.0",

	"minecraft:feature_rules": {
		"description": {
			"identifier": "gg:warped_ground_rule",
			"places_feature": "gg:warped_ground_feature"
		},

		"conditions": {
			"placement_pass": "before_surface_pass",

			"minecraft:biome_filter": {
				"all_of": [
					{
						"any_of": [
							{
								"test": "has_biome_tag",
								"operator": "==",
								"value": "nether_wastes"
							},
							{
								"test": "has_biome_tag",
								"operator": "==",
								"value": "crimston_forest"
							},
							{
								"test": "has_biome_tag",
								"operator": "==",
								"value": "warped_forest"
							},
							{
								"test": "has_biome_tag",
								"operator": "==",
								"value": "soulsand_valley"
							},
							{
								"test": "has_biome_tag",
								"operator": "==",
								"value": "basalt_deltas"
							},
							{
								"test": "has_biome_tag",
								"operator": "==",
								"value": "nether_generation"
							}
						]
					}
				]
			}
		},

		"distribution": {
			"iterations": 256,

			"x": {
				"distribution": "fixed_grid",
				"extent": [0, 15]
			},
			"z": {
				"distribution": "fixed_grid",
				"extent": [0, 15]
			},
			"y":  {
				"distribution": "fixed_grid",
				"extent": [0, 120]
			}
		}
	}
}