{
	"format_version": "1.13.0",

	"minecraft:feature_rules": {
		"description": {
			"identifier": "gg:warped_giant_chorus_fungi_rule",
			"places_feature": "gg:warped_giant_chorus_fungi_feature"
		},

		"conditions": {
			"placement_pass": "before_surface_pass",

			"minecraft:biome_filter": {
				"all_of": [
					{
						"any_of": [
							{
								"test": "has_biome_tag",
								"operator": "==",
								"value": "the_end"
							}
						]
					}
				]
			}
		},

		"distribution": {
			"iterations": "q.noise(v.originx / 512, v.originz / 512) > 0.5 && (math.abs(v.originx) > 200 || math.abs(v.originz) > 200)",

			"x": 0,
			"z": 0,
			"y": "query.heightmap(variable.worldx, variable.worldz)"
		}
	}
}