{
	"format_version": "1.14.0",
	"sound_definitions": {
		"record.flush": {
			"__use_legacy_max_distance": true,
			"max_distance": 64,
			"sounds": [
				{
					"load_on_low_memory": true,
					"name": "sounds/records/flush",
					"stream": true,
					"volume": 1
				}
			]
		},
		"record.soul_spunk": {
			"__use_legacy_max_distance": true,
			"max_distance": 64,
			"sounds": [
				{
					"load_on_low_memory": true,
					"name": "sounds/records/soul_spunk",
					"stream": true,
					"volume": 1
				}
			]
		}
	}
}