{
  "format_version": "1.16.100",
  "minecraft:block": {
    "description": {
      "identifier": "infernalexpansion:basalt_iron_ore"
    },
    "components": {
      "minecraft:material_instances": {
        "*": {
            "texture": "basalt_iron_ore_side",
            "face_dimming": false,
                  "ambient_occlusion": false
        },
        "up": {
            "texture": "basalt_iron_ore_top"
        },
        "down": {
            "texture": "basalt_iron_ore_top"
        }
       },
       "minecraft:creative_category": {
        "category": "Nature"
      },
      "minecraft:destroy_time": 0.5,
      "minecraft:immovable": false,
      "minecraft:explosion_resistance": 30,
      "minecraft:loot": "loot_tables/empty.json",
      "minecraft:on_player_destroyed": {
        "condition": "(query.get_equipped_item_name('main_hand') == 'wooden_pickaxe') ||(query.get_equipped_item_name('main_hand') == 'stone_pickaxe') ||(query.get_equipped_item_name('main_hand') == 'iron_pickaxe') ||(query.get_equipped_item_name('main_hand') == 'gold_pickaxe') || (query.get_equipped_item_name('main_hand') == 'diamond_pickaxe') || (query.get_equipped_item_name('main_hand') == 'netherite_pickaxe')",
        "event": "broken"
      },
      "minecraft:rotation": [ 0, 0, 0 ],
      "minecraft:map_color": "#1E1E1E",
      "minecraft:flammable": {
        "flame_odds": 0,
        "burn_odds": 0
      }
  },
    "events": {
      "broken": {
        "spawn_loot": {
          "table": "loot_tables/blocks/basalt/basalt_iron_ore.json"
        }
      }
    }
  }
}