{
	"format_version": "1.16.100",
	"minecraft:block": {
		"description": {
			"identifier": "infernalexpansion:magmatic_basalt",
			"properties": {
				"infernal:rotation": [2, 3, 4, 5]
			}
		},
		"events": {
			"infernal:set_rotation": {
				"set_block_property": {
					"infernal:rotation": "(query.cardinal_facing_2d)"
				}
			},
      "broken": {
        "spawn_loot": {
          "table": "loot_tables/blocks/basalt/magmatic_basalt.json"
        }
      }
		},
		"components": {
			"minecraft:material_instances": {
				"*": {
					"texture": "basaltic_magma",
					"render_method": "alpha_test"
				}
			},
      "minecraft:creative_category": {
        "category": "Nature"
      },
			"minecraft:pick_collision": {
				"origin": [-8, 0, -8],
				"size": [16, 16, 16]
			},
			"minecraft:entity_collision": {
				"origin": [-8, 0, -8],
				"size": [16, 16, 16]
			},
			"minecraft:block_light_absorption": 0,
			"minecraft:destroy_time": 0.5,
      "minecraft:immovable": false,
      "minecraft:explosion_resistance": 30,
      "minecraft:map_color": "#1E1E1E",
      "minecraft:loot": "loot_tables/empty.json",
      "minecraft:on_player_destroyed": {
        "condition": "(query.get_equipped_item_name('main_hand') == 'wooden_pickaxe') ||(query.get_equipped_item_name('main_hand') == 'stone_pickaxe') ||(query.get_equipped_item_name('main_hand') == 'iron_pickaxe') ||(query.get_equipped_item_name('main_hand') == 'gold_pickaxe') || (query.get_equipped_item_name('main_hand') == 'diamond_pickaxe') || (query.get_equipped_item_name('main_hand') == 'netherite_pickaxe')",
        "event": "broken"
      },
			"minecraft:on_player_placing": {
				"event": "infernal:set_rotation"
			}
		},
		"permutations": [{
				"condition": "query.block_property('infernal:rotation') == 2",
				"components": {
					"minecraft:rotation": [0, 0, 0]
				}
			},
			{
				"condition": "query.block_property('infernal:rotation') == 3",
				"components": {
					"minecraft:rotation": [0, 180, 0]
				}
			},
			{
				"condition": "query.block_property('infernal:rotation') == 4",
				"components": {
					"minecraft:rotation": [0, 90, 0]
				}
			},
			{
				"condition": "query.block_property('infernal:rotation') == 5",
				"components": {
					"minecraft:rotation": [0, 270, 0]
				}
			}
		]
	}
}