{
    "pools": [
     {
      "rolls": 1,
      "entries": [
       {
        "type": "item",
        "name": "minecraft:iron_nugget",
        "weight": 100,
        "functions": [
         {
          "function": "set_count",
          "count": {
           "min": 2,
           "max": 6
          }
         },
         {
            "function": "looting_enchant",
            "count": {
                "min": 7,
                "max": 24
            }
        }
        ]
       }
      ]
     }
    ]
   }